{"id": 17, "loc": {"x": 38.99009702028717, "y": -76.94172137122872}}