{"id": 5, "loc": {"x": 38.99006706396276, "y": -76.93626940190448}}