{"id": 18, "loc": {"x": 38.993335734435824, "y": -76.94427109822698}}