{"id": 0, "loc": {"x": 38.989085, "y": -76.935697}}