{"id": 11, "loc": {"x": 38.99067340552215, "y": -76.94994818764978}}