{"id": 15, "loc": {"x": 38.983084538067644, "y": -76.9435113808855}}