{"id": 1, "loc": {"x": 38.99094, "y": -76.937934}}