{"id": 10, "loc": {"x": 38.98862702071458, "y": -76.93951036032067}}