{"id": 9, "loc": {"x": 38.98957546894937, "y": -76.94004032716767}}