{"id": 12, "loc": {"x": 38.99041360963895, "y": -76.95008164028832}}