{"id": 13, "loc": {"x": 38.988413589808445, "y": -76.94490442000549}}