{"id": 14, "loc": {"x": 38.98599924789502, "y": -76.94538067032498}}