{"id": 14, "loc": {"x": 38.985926, "y": -76.945465}}