{"id": 16, "loc": {"x": 38.98803676929072, "y": -76.94210370347709}}