{"id": 2, "loc": {"x": 38.990949, "y": -76.941606}}