{"id": 7, "loc": {"x": 38.99020686099637, "y": -76.93623342988417}}