{"id": 8, "loc": {"x": 38.989684825751596, "y": -76.93973516636777}}